https://www.madhubanecoretreat.com/help/contact,contact us
https://www.madhubanecoretreat.com/hotel-search,contact us
https://www.madhubanecoretreat.com/hotel-cat/hotel,stay
https://www.madhubanecoretreat.com/hotel-term-condition,terms and condition
https://www.madhubanecoretreat.com/madhuban-bamboo-cafe-8/,stay
https://www.madhubanecoretreat.com/pexels-pok-rie-144681/,home page
https://www.madhubanecoretreat.com/madhuban-camp-site-4/,stay
https://www.madhubanecoretreat.com/cropped-madhuban-logo-e1726477323214-png/,gallery
https://www.madhubanecoretreat.com/cropped-madhuban-logo-e1726477323214-1-png/,gallery
https://www.madhubanecoretreat.com/cropped-cropped-madhuban-logo-e1726477323214-1-png/,gallery
https://www.madhubanecoretreat.com/hotels/madhuban-resort,home page
,
https://www.madhubanecoretreat.com/?sa=X&ved=2ahUKEwiO-POcov_9AhVbBRwAHUFhBAkQyK4DegUIAxDsAQ,Home
https://www.madhubanecoretreat.com/?sa=X&ved=2ahUKEwi38_idr_-AAxXRS6sCHRiyDTwQyK4DegUIAxDkAQ,Home
https://www.madhubanecoretreat.com/faqs,Home
https://www.madhubanecoretreat.com/our-services/phasellus-congue-lacus-eget,Home
https://www.madhubanecoretreat.com/?sa=X&ved=2ahUKEwiw09ukjsmAAxUDWMUKHeJWBbMQyK4DegUIAxDiAQ,Home
,
https://www.madhubanecoretreat.com/skydiving-in-dubai,near by attraction 
https://www.madhubanecoretreat.com/tag/australia,near by attraction 
https://www.madhubanecoretreat.com/portfolio/miami-beach,near by attraction 
https://www.madhubanecoretreat.com/thailand-exclusive-holidays,near by attraction 
,
https://www.madhubanecoretreat.com/about/storyhttps://www.madhubanecoretreat.com/about/eco-philosophy,About us
https://www.madhubanecoretreat.com/about/Vision-&-Mission,About us
https://www.madhubanecoretreat.com/rooms,stay
https://www.madhubanecoretreat.com/tag/charter,experiences 
https://www.madhubanecoretreat.com/pricing-tables,booking
https://www.madhubanecoretreat.com/home-5,home page
https://www.madhubanecoretreat.com/tag/golf,experiences 
https://www.madhubanecoretreat.com/activities/gym-fitness,experiences 
https://www.madhubanecoretreat.com/activities/massage-spa,experiences 
https://www.madhubanecoretreat.com/portfolio/luxury-suite,stay
https://www.madhubanecoretreat.com/category/yacht-charter,stay
https://www.madhubanecoretreat.com/rooms/swiss-cottages,stay
https://www.madhubanecoretreat.com/tag/madhuban-main-menu,home page
https://www.madhubanecoretreat.com/madhuban-bamboo-cafe-8,stay
https://www.madhubanecoretreat.com/whatsapp-image-2021-03-15-at-1-46-05-am-21,booking
https://www.madhubanecoretreat.com/hotels,About us
https://www.madhubanecoretreat.com/dsc_8879,home page
https://www.madhubanecoretreat.com/tag/island,home page
https://www.madhubanecoretreat.com/icon-boxes,home page
https://www.madhubanecoretreat.com/hotel-account,booking
https://www.madhubanecoretreat.com/tabs-spa,stay
https://www.madhubanecoretreat.com/siver-logo,gallery
https://www.madhubanecoretreat.com/rooms/camping-tents,https://www.madhubanecoretreat.com/stay/camping-tent
https://www.madhubanecoretreat.com/madhuban-camp-site,https://www.madhubanecoretreat.com/stay/camping-tent
https://www.madhubanecoretreat.com/rooms/mud-house,https://www.madhubanecoretreat.com/stay/mud-villa
https://www.madhubanecoretreat.com/about-section5-2,About us
https://www.madhubanecoretreat.com/gallery-restaurant-1,gallery
https://www.madhubanecoretreat.com/forest/home-5,gallery
https://www.madhubanecoretreat.com/safari/home-5,experiences 
https://www.madhubanecoretreat.com/gallery-restaurant-5,gallery
https://www.madhubanecoretreat.com/quisque-velit-nisi,home page
https://www.madhubanecoretreat.com/maldives-resort-and-spa,stay
https://www.madhubanecoretreat.com/hotel-includes/wi-fi,home page
https://www.madhubanecoretreat.com/tag/madhuban-main-menu/,home page
https://www.madhubanecoretreat.com/our-services/ipsum-dolor-sit/,About us
https://www.madhubanecoretreat.com/our-services/lorem-ipsum-dolor-sit-amet/,About us
https://www.madhubanecoretreat.com/our-services/etiam-sit-amet-lectus-quis-est-congue-mollis/,About us