Page,Web page content,URL Structure,Meta Title,Meta Description,Meta Keywords,
,,,,,,
Home Page ,Home,,"Madhuban Eco Retreat | Eco-Luxury Resort Near Ratapani, Bhopal","Experience eco-luxury at Madhuban Eco Retreat in Ratapani near Bhopal. Forest stays, nature trails, birdwatching, farm-to-table dining & sustainable travel.","eco retreat bhopal, ratapani eco resort, nature resort near bhopal, forest stay madhya pradesh, eco luxury resort mp, sustainable tourism mp, ratapani tiger reserve stay",
,,,,,,
Near By Attraction,Nearby Attractions,/nearby-attraction,Nearby Attractions Ratapani | Places to Visit Near Madhuban Eco Retreat,"Explore Ratapani Wildlife Sanctuary, Bhimbetka, Ginnorgarh Fort, Saru Maru Caves, Salkanpur Temple & Satpura attractions near Madhuban Eco Retreat.","nearby attractions ratapani, places to visit near bhopal, attractions near madhuban eco retreat, satpura nearby places, bhimbetka near ratapani, ginnorgarh fort trek, saru maru caves mp, narmada darshan mp",
,,,,,,
About,About us,/about-us,About Madhuban Eco Retreat – Best Eco Resort Near Bhopal & Ratapani,"Discover Madhuban Eco Retreat near Bhopal—an eco-friendly jungle resort promoting slow tourism, sustainability, and meaningful nature-based experiences in Ratapani.","best resorts near ratapani, jungle resort near bhopal, eco tourism, slow tourism, detox retreat bhopal, sustainable tourism india, eco lodge near ratapani, weekend getaway bhopal, nature resort bhopal, madhuban eco retreat",-
,,,,,,
Experiences,Experiences ,/experiences,"Nature Experiences Ratapani | Forest Walks, Bird Watching & Activities","Explore nature trails, bird watching, and recreational activities at Madhuban Eco Retreat near Bhopal. Eco-friendly experiences in Ratapani Wildlife Sanctuary.","experiences near bhopal, forest walks ratapani, nature trails bhopal, bird watching ratapani, wilderness bhopal, recreational activities bhopal, eco tourism ratapani, satpura nature experiences",
Forest Walks & Nature Trails,Experience / Forest Walks & Nature Trails,,Forest Walks Near Bhopal | Nature Trails in Ratapani,"Explore guided forest walks & nature trails near Bhopal at Madhuban Eco Retreat. Safe, scenic, eco-friendly trails in Ratapani. Ideal for families & nature lovers.","forest walks near bhopal, nature trails bhopal, ratapani forest walk, eco nature trails ratapani, offbeat nature trails bhopal, forest trekking near bhopal, eco tourism ratapani",
Bird Watching & Wilderness,Experience / Bird Watching & Wilderness,,Bird Watching in Ratapani | Wilderness Experience Near Bhopal,Experience bird watching in Ratapani near Bhopal. Spot 70+ native & migratory species during peaceful guided wilderness sessions at Madhuban Eco Retreat.,"bird watching near bhopal, ratapani bird watching, wilderness near bhopal, forest birding mp, migratory birds ratapani, wildlife trails bhopal, eco tourism ratapani",
Recreational Facilities,Experience / Recreational Activities,,Recreational Activities Ratapani | Nature Recreation Near Bhopal,"Enjoy eco-friendly recreational activities near Bhopal. Cycling, indoor games, hammocks, campfires & nature-friendly relaxation at Madhuban Eco Retreat.","recreational activities near bhopal, ratapani recreation, outdoor activities bhopal, eco resort recreation mp, family activities bhopal, nature recreation ratapani",
,,,,,,
Dining,Dining Page,/dining,Farm-to-Table Dining Ratapani | Pure Veg Buffet Near Bhopal,"Experience fresh farm-to-table dining at Madhuban Eco Retreat. Pure veg meals, organic produce, sustainable cuisine & clean eating near Ratapani.","veg food near ratapani, buffet near ratapani, madhuban eco retreat menu, farm to table dining bhopal, organic food retreat mp, sustainable cuisine ratapani, best dinner in ratapani",
Gallery,Gallery,/gallery,"Madhuban Eco Gallery | Nature, Culture & Retreat Photo Collection","Explore the eco gallery of Madhuban Eco Retreat—forest views, tribal culture, Bhimbetka, Saru Maru, Ginnorgarh Fort, and nature moments in Ratapani.","madhuban eco retreat gallery, ratapani nature gallery, bhimbetka photos, tribal culture madhya pradesh, eco retreat images, ratapani forest images",
,,,,,,
Stay,Stay,/stay,"eco stay near bhopal, safari tent near bhopal, mud house bhopal, pool side villa near bhopal, glamping tent ratapani, camping in ratapani, madhuban eco retreat stay","Eco Stay Near Bhopal – Safari Tents, Mud Houses, Glamping & Villas | Madhuban","Experience eco-friendly stays near Bhopal at Madhuban Eco Retreat. Safari tents, mud houses, glamping tents, poolside villas & camping near Ratapani.",
Safari Tent,Stay / Safari Tent ,/stay/safari-tent,"safari tent house ratapani, safari tent near bhopal, safari tent house price, safari tent house ratapani ticket price, madhuban eco retreat safari tent, family safari tent stay bhopal, ratapani jungle stay, eco safari tent mp",Safari Tent House Ratapani | Eco Luxury Safari Tent Near Bhopal,"Experience eco-luxury in our safari tent house in Ratapani. Streamside views, open-sky shower, infinity pool, and premium amenities near Bhopal. Book your stay.",
Mud House,Stay/Mud House ,/stay/mud-house,Mud House Stay Ratapani | Eco Mud Cottage Near Bhopal,"Stay in authentic mud houses inspired by Gond architecture. Orchard setting, 360° rooftop views, luxury amenities & eco-comfort near Bhopal. Book now.","mud house bhopal, Ratapani mud house price, mud house stay near bhopal, mud cottage mp, best mud house resort bhopal, madhuban mud house, Ratapani mud house booking, eco mud house stay",
Pool Side Villa,Stay / Pool Side Villa ,/stay/pool-side-villa,Pool Side Villa Ratapani | Luxury Pool Villa Stay Near Bhopal,"Experience eco-luxury in our Pool Side Villa near Bhopal. Nature views, private comfort, infinity pool access, and boutique amenities. Book your stay today.","pool side villa near bhopal, private pool villa bhopal, pool villa ratapani, pool villa stay mp, pool villa in madhya pradesh, eco pool villa bhopal, madhuban pool villa, best pool villa bhopal",
Glamping Tents,Stay / Glamping Tent ,/stay/glamping-tent,Glamping Tent Stay Ratapani | Boutique Nature Stay Near Bhopal,"Stay in stylish Glamping Tents near Bhopal. Private sit-out, nature views, AC rooms, infinity pool access & boutique comfort in Ratapani. Book now.","glamping tent near bhopal, glamping ratapani, nature glamping mp, glamping stay madhya pradesh, luxury tent stay bhopal, madhuban glamping tent, forest glamping stay ratapani",
Camping Tent,Stay / Camping Tent,/stay/camping-tent,Camping in Ratapani | Night Camping Near Bhopal – ₹2500,"Enjoy night camping in Ratapani at ₹2,500 per person. Includes food, pool, nature walk & adventure activities. Best jungle camping near Bhopal. Book now.","camping in ratapani, night camping ratapani price, camping near bhopal, jungle camping bhopal, best camping ratapani, tiger camping ratapani, night camping mp",
,,,,,,
,,,,,,
Contact us page,Contact Us,/contact-us,"Contact Madhuban Eco Retreat, Eco tourism, Nature resort near Ratapani, Detox retreat, Resorts near Bhopal for day outing, Contact jungle resort near Bhopal, Eco resort Bhopal, Eco resort India",Contact Madhuban Eco Retreat | Jungle Retreat in Ratapani,"Contact with Madhuban Eco Retreat, a top eco tourism and detox jungle retreat in Ratapani. Get a response within 24 hrs for any bookings & inquiries. ",
,,,,,,
,,,,,,
Blogs ,Blog List Page,/blog,"Madhuban Blog | Nature, Travel & Eco-Living Stories","Read nature stories, travel guides, wildlife insights, and eco-living tips from Madhuban Eco Retreat. Explore Ratapani and sustainable travel through our blog.","madhuban blog, ratapani travel blog, eco travel mp, sustainable travel madhya pradesh, nature blog bhopal, ratapani guides",
Blog Detail Page,Blog 1 ,/blog/madhuban-eco-retreat-complete-guide,"Madhuban Eco Retreat – Nature, Wellness & Forest Stay in Ratapani","Discover Madhuban Eco Retreat — a peaceful forest getaway near Bhopal offering eco-friendly stays, nature trails, bird watching, farm-to-table dining & sustainable travel.","madhuban eco retreat, eco resort madhya pradesh, nature resort near bhopal, ratapani wildlife sanctuary stay, sustainable travel india, forest stay bhopal, satpura tourism",
,,,,,,
,,,,,,
Booking Page,Booking,/booking,,,,
Privacy Policy,Privacy Policy,/privacy-policy,"Madhuban Eco Retreat privacy policy, resort privacy policy, lodge data protection, eco tourism website policy, guest data protection","Privacy Policy - Madhuban Eco Retreat, Near Bhopal","Read Madhuban Eco Retreat’s privacy policy to learn how we collect, use and protect your personal information when you visit or contact us.",
Terms & Condition,Terms and Condition,/terms-and-condition,"terms and conditions, resort terms, booking terms, Madhuban Eco Retreat, Ratapani resort, Bhopal resort terms, guest policy",Terms & Conditions | Madhuban Eco Retreat Ratapani Bhopal,"Read the Terms & Conditions for Madhuban Eco Retreat covering reservations, safety, activities, cancellations, liability, and guest responsibilities.",
Cancellation & Refund,Cancellation & Refund Policy,/cancellation-and-refund-policy,"cancellation policy, refund policy, resort cancellation, eco retreat refund, Madhuban Eco Retreat, Ratapani resort policy, Bhopal resort refund",Cancellation & Refund Policy | Madhuban Eco Retreat,"Read Madhuban Eco Retreat’s cancellation & refund terms for reservations near Bhopal and Ratapani. Clear policies on timelines, charges, and refunds.",
Cookies & Consent,Cookies and consent policy,/cookies-and-consent-policy,"cookies policy, cookie consent, website cookies, Madhuban Eco Retreat, privacy cookies, resort cookie policy","Cookies & Consent Policy | Madhuban Eco Retreat, Ratapani","Learn how Madhuban Eco Retreat uses cookies to improve website experience, analytics, functionality and how you can manage your cookie preferences.",
Disclaimer ,disclaimer,/disclaimer,"disclaimer, madhuban eco retreat, resort disclaimer, eco retreat policy, nature resort, ratapani resort, resort near bhopal",Disclaimer | Madhuban Eco Retreat Ratapani Near Bhopal,"Read the official disclaimer of Madhuban Eco Retreat covering website information, nature activities, wildlife experiences, liability and external links.",
404 error page,404 page,,,,,
,,,,,,
,,,,,,
Robots File,Robots File,,,,,
llms.txt file,llms.txt,,,,,